timestamp,attention,meditation,delta,theta,low_alpha,high_alpha,low_beta,high_beta,low_gamma,mid_gamma,command,command_encoded
2026-02-01 17:48:10.170465,18,33,1031221,334907,51436,37102,26620,10053,5496,167870,f,0
2026-02-01 17:48:11.189191,23,40,585482,311326,32831,36386,19134,7952,4140,159261,f,0
2026-02-01 17:48:12.156847,18,31,664821,261648,34776,30255,11338,15239,5218,166324,f,0
2026-02-01 17:48:13.175416,14,39,258759,226949,20338,22972,9738,14304,3589,142794,f,0
2026-02-01 17:48:14.160001,19,43,276237,230211,21223,17235,11455,13040,3000,103242,f,0
2026-02-01 17:48:15.138257,24,35,127797,30578,4616,7807,8891,4842,3602,90370,f,0
2026-02-01 17:48:16.135387,35,27,193683,134977,20488,17759,19239,7933,6725,137782,f,0
2026-02-01 17:48:17.132885,37,24,656586,190148,31329,25137,19399,11410,8153,184422,f,0
2026-02-01 17:48:18.142988,33,31,607816,184524,31108,23547,19332,9790,6337,147839,f,0
2026-02-01 17:48:19.110504,33,40,536173,96174,20694,17079,12618,10058,5275,158485,f,0
2026-02-01 17:48:44.961085,26,41,387672,110443,25674,40089,11839,27689,5040,120902,f,0
2026-02-01 17:48:45.937285,43,55,340780,156246,48323,51925,19876,31780,6329,151282,f,0
2026-02-01 17:48:46.929808,46,45,496876,167817,69045,44210,25689,20306,5081,148955,f,0
2026-02-01 17:48:47.918556,48,58,318934,99676,63319,29350,20974,12144,5396,147965,f,0
2026-02-01 17:48:48.909825,44,69,460172,89156,55875,27400,40404,10974,5947,142836,f,0
2026-02-01 17:48:49.904857,39,78,274163,61647,28981,16352,35518,12970,5243,153122,f,0
2026-02-01 17:48:50.908686,45,77,348814,72777,26069,16178,36819,12049,3851,117343,f,0
2026-02-01 17:48:51.903175,52,68,288117,83140,12898,6545,12937,10358,3700,123262,f,0
2026-02-01 17:48:52.882406,56,52,492889,187756,18249,22022,26579,11405,5492,105174,f,0
2026-02-01 17:48:53.892118,52,35,421344,175610,17905,22936,28956,14612,6401,145539,f,0
2026-02-01 17:49:20.704179,25,51,1104800,430783,23468,65289,43632,47719,5418,313410,f,0
2026-02-01 17:49:21.703090,43,81,115638,76318,18132,42085,32226,18886,4384,130242,f,0
2026-02-01 17:49:22.690208,52,90,183717,155610,51079,54697,59153,20225,4481,116490,f,0
2026-02-01 17:49:23.676815,53,91,137154,145677,49396,30523,45661,13885,6656,129543,f,0
2026-02-01 17:49:24.680395,48,83,148787,167454,52608,27802,48836,13684,6955,114745,f,0
2026-02-01 17:49:25.680142,39,69,135449,115292,17709,17604,25683,13455,7544,120981,f,0
2026-02-01 17:49:26.660323,34,58,130957,104518,15807,21911,29735,9981,5491,112284,f,0
2026-02-01 17:49:27.656665,34,53,443505,134445,25519,32441,33742,9904,5356,120144,f,0
2026-02-01 17:49:28.677946,32,52,382758,108567,23144,27354,31946,8605,3912,116527,f,0
2026-02-01 17:49:29.652986,35,54,767061,116847,31297,28776,22907,13752,4947,105942,f,0
2026-02-01 17:49:57.456122,21,35,453646,80436,33645,19644,25175,8190,4145,146231,f,0
2026-02-01 17:49:58.440929,40,55,812789,88904,42500,23513,33201,9982,7725,179212,f,0
2026-02-01 17:49:59.432279,57,57,819111,86783,47711,28513,36946,11015,9502,177816,f,0
2026-02-01 17:50:00.429625,55,76,517701,92324,41113,15997,43116,9360,9639,172118,f,0
2026-02-01 17:50:01.424796,49,83,94268,94333,36678,14120,38229,10680,7670,177347,f,0
2026-02-01 17:50:02.421180,45,85,121913,107474,31019,14656,38871,9397,4840,159258,f,0
2026-02-01 17:50:03.408668,42,80,77366,42845,12942,11194,11041,5818,3280,117344,f,0
2026-02-01 17:50:04.404839,38,74,99654,43467,14214,13567,14705,5931,3404,119135,f,0
2026-02-01 17:50:05.400895,35,71,114495,35681,17515,8719,12300,7380,4999,129837,f,0
2026-02-01 17:50:06.448524,35,71,110217,28652,36867,13488,23905,15201,8044,165597,f,0
2026-02-01 17:50:26.252848,17,32,1248390,209041,31957,42177,35689,15708,5816,358627,f,0
2026-02-01 17:50:27.247781,37,46,559764,94407,10492,13585,11213,8042,4075,80062,f,0
2026-02-01 17:50:28.250292,45,43,746092,102682,20769,11935,13257,9815,5684,119238,f,0
2026-02-01 17:50:29.235247,44,36,505421,146678,26520,28126,25606,9957,5604,110577,f,0
2026-02-01 17:50:30.224180,36,36,621977,141000,22937,22160,24570,11512,8046,133257,f,0
2026-02-01 17:50:31.217916,32,46,340032,178407,25223,23678,36800,12183,7085,134395,f,0
2026-02-01 17:50:32.220635,30,52,238069,108951,27557,16991,25133,10604,4627,133412,f,0
2026-02-01 17:50:33.207812,31,62,307885,111191,39097,27424,36307,14596,4134,151232,f,0
2026-02-01 17:50:34.199080,36,66,304494,50614,30555,26279,24297,14180,5455,135184,f,0
2026-02-01 17:50:35.192872,44,76,476539,101784,29810,21494,28236,12637,5902,95293,f,0
2026-02-01 17:51:18.896298,38,48,122353,43075,26639,23976,24115,8449,2726,100265,f,0
2026-02-01 17:51:19.908805,59,71,173563,58379,38303,21608,34836,10420,4633,122929,f,0
2026-02-01 17:51:20.906155,67,68,368071,55711,40199,16643,32057,12624,4974,149403,f,0
2026-02-01 17:51:21.899935,59,76,547429,62540,24776,13268,25820,9300,4795,122876,f,0
2026-02-01 17:51:22.893706,54,80,455869,51542,14088,13849,18742,9623,5077,123576,f,0
2026-02-01 17:51:23.865689,53,76,271479,87790,29560,31386,31365,9140,5549,107981,f,0
2026-02-01 17:51:24.877579,54,74,155546,93157,41993,26528,29366,13165,5465,115515,f,0
2026-02-01 17:51:25.848896,53,73,156475,97109,50734,39938,33773,16254,4307,102945,f,0
2026-02-01 17:51:26.865123,51,78,164801,61837,35654,38597,26374,19043,5197,101784,f,0
2026-02-01 17:51:27.858903,51,85,270851,39674,18231,36818,17984,15346,5359,112691,f,0
2026-02-01 17:51:54.679115,33,48,574202,76667,15472,21118,16644,12476,2376,126748,f,0
2026-02-01 17:51:55.673034,50,72,94631,67246,22564,24835,14570,12145,5676,105302,f,0
2026-02-01 17:51:56.665522,53,75,104354,62940,24247,24886,15268,10535,5667,83561,f,0
2026-02-01 17:51:57.658903,49,80,113319,26183,17450,21588,17215,6654,6689,73709,f,0
2026-02-01 17:51:58.651777,48,89,189151,86259,35842,21731,23545,7712,5423,67422,f,0
2026-02-01 17:51:59.621015,42,90,287727,153340,36576,26811,25555,10067,5873,95419,f,0
2026-02-01 17:52:00.615705,36,86,219709,151743,36115,18303,16011,8454,4389,93244,f,0
2026-02-01 17:52:01.610622,34,81,199729,122382,10624,19729,15231,12334,5279,99677,f,0
2026-02-01 17:52:02.624526,36,73,89421,48313,24128,24568,13668,10444,7746,95174,f,0
2026-02-01 17:52:03.619008,41,77,251996,65445,26384,26625,17560,10609,8248,92780,f,0
2026-02-01 17:52:52.274117,18,41,484782,150254,15272,24474,30949,11238,5961,140502,f,0
2026-02-01 17:52:53.266639,26,58,437965,105335,16963,23246,33823,10217,6627,123924,f,0
2026-02-01 17:52:54.256955,30,54,786951,87485,38733,27511,34847,15647,6743,116646,f,0
2026-02-01 17:52:55.245356,38,59,660751,80827,38372,27159,15907,13916,5324,131081,f,0
2026-02-01 17:52:56.244091,45,67,781967,121969,37857,40905,25648,17616,6315,121442,f,0
2026-02-01 17:52:57.257022,48,72,470866,76664,12780,37094,29642,13929,5575,120659,f,0
2026-02-01 17:52:58.227565,49,74,333233,73597,10922,37752,35019,18692,5106,99861,f,0
2026-02-01 17:52:59.219181,54,70,441707,71209,18213,20706,23334,17947,3342,107628,f,0
2026-02-01 17:53:00.210587,61,64,349596,72770,21659,16112,13780,18715,2759,101420,f,0
2026-02-01 17:53:01.207724,71,62,438774,76156,25479,14872,11280,16489,4229,109029,f,0
2026-02-01 17:53:35.988224,23,45,282050,48013,20304,12620,24124,14033,2024,115000,f,0
2026-02-01 17:53:36.988978,48,63,972544,173427,20536,15744,32412,18751,2978,88333,f,0
2026-02-01 17:53:37.979907,59,50,880249,157202,16836,23063,40880,19703,3649,129291,f,0
2026-02-01 17:53:38.974920,60,49,1028921,200975,22099,68030,39139,13610,4644,120362,f,0
2026-02-01 17:53:39.945547,55,51,206299,64893,15023,59131,31076,8922,4448,120219,f,0
2026-02-01 17:53:40.937424,52,56,836856,161950,41329,59901,41712,12564,5337,99087,f,0
2026-02-01 17:53:41.953714,50,62,665749,121553,39511,17849,29668,9701,4693,103696,f,0
2026-02-01 17:53:42.927179,44,65,738510,155869,50139,27112,51680,13598,6115,108396,f,0
2026-02-01 17:53:43.918640,45,66,308822,89919,27253,26105,33173,10382,5443,110824,f,0
2026-02-01 17:53:44.909938,43,65,326261,91619,18332,30698,44931,12165,6068,106867,f,0
2026-02-01 17:56:32.776684,19,40,452572,217810,21662,35811,28450,13701,3484,136136,f,0
2026-02-01 17:56:33.794126,41,66,231717,88571,18844,33515,31090,14379,4370,107660,f,0
2026-02-01 17:56:34.781800,64,79,258361,35841,12347,27778,24366,13617,3950,69844,f,0
2026-02-01 17:56:35.760951,73,77,102398,26490,10477,16228,13503,8789,3237,53626,f,0
2026-02-01 17:56:36.776249,77,77,121434,29837,6716,15934,10323,6682,2036,36052,f,0
2026-02-01 17:56:37.741874,73,73,198391,46882,5613,5955,6426,3201,1584,16331,f,0
2026-02-01 17:56:38.761774,65,67,172295,45945,17639,6032,8231,4674,3108,33127,f,0
2026-02-01 17:56:39.729286,56,62,203836,141978,21246,28061,11830,10578,5103,51129,f,0
2026-02-01 17:56:40.729095,47,59,88006,114786,24543,26957,10632,10261,7224,72681,f,0
2026-02-01 17:56:41.720980,43,64,438393,130100,26556,30831,14726,11202,6914,70113,f,0
2026-02-01 17:57:49.261672,21,35,214682,39947,23343,12825,7194,5808,1554,54848,f,0
2026-02-01 17:57:50.251859,41,57,54700,29925,16770,12598,8219,6506,3313,77933,f,0
2026-02-01 17:57:51.254287,57,65,234930,40324,28219,6947,18919,7709,6071,65254,f,0
2026-02-01 17:57:52.248953,59,71,578218,83770,31299,11466,33142,12947,7627,102893,f,0
2026-02-01 17:57:53.234335,58,70,575649,89106,30876,13448,35534,12589,7217,98272,f,0
2026-02-01 17:57:54.230517,54,66,395526,84091,12522,20294,40016,12094,5650,113102,f,0
2026-02-01 17:57:55.221880,54,59,207647,88275,15288,20875,28317,9761,6196,109638,f,0
2026-02-01 17:57:56.223289,52,55,222472,69911,12286,19520,22948,8984,5212,86239,f,0
2026-02-01 17:57:57.231922,51,58,283981,100370,18640,16969,18087,8744,5996,82725,f,0
2026-02-01 17:57:58.223189,50,60,121072,55879,18086,15461,15543,8898,4586,71146,f,0
2026-02-01 17:58:16.079709,21,41,419829,39367,14623,26512,18744,7416,7420,129146,f,0
2026-02-01 17:58:17.095972,38,59,433828,58743,16629,26023,20051,9147,8076,118560,f,0
2026-02-01 17:58:18.068473,50,58,565270,77404,21491,26148,22579,11862,9719,111971,f,0
2026-02-01 17:58:19.061175,54,64,540707,59509,16707,18120,17239,8947,5110,85195,f,0
2026-02-01 17:58:20.050997,54,70,382521,38491,14686,11154,9341,6713,4256,93489,f,0
2026-02-01 17:58:21.049818,54,72,610355,29221,36866,22473,16068,8127,3613,97608,f,0
2026-02-01 17:58:22.065706,52,77,499530,24106,34793,18292,15775,7781,3418,87399,f,0
2026-02-01 17:58:23.040899,52,81,562070,63566,36981,24558,15680,8224,4049,90924,f,0
2026-02-01 17:58:24.034781,50,82,373301,95680,24886,28136,23240,8918,3357,90721,f,0
2026-02-01 17:58:25.020047,45,78,442756,98438,27032,28897,24687,12776,4513,140482,f,0
2026-02-01 17:59:25.609729,20,35,541989,68129,15764,6558,3594,5656,2616,81627,b,1
2026-02-01 17:59:26.629688,37,60,567202,70289,16420,12457,9234,5929,3503,102610,b,1
2026-02-01 17:59:27.601107,48,69,365562,62454,20218,16612,10227,6827,4094,155065,b,1
2026-02-01 17:59:28.589757,51,73,320926,63844,13707,17216,11766,4116,2813,123160,b,1
2026-02-01 17:59:29.584404,52,74,110373,41539,23196,13298,15773,5661,3944,119616,b,1
2026-02-01 17:59:30.604953,52,77,114040,43203,29868,11242,16796,7132,4651,118276,b,1
2026-02-01 17:59:31.596862,55,83,155025,38854,63133,32430,30850,13081,6882,171832,b,1
2026-02-01 17:59:32.564957,57,88,133689,19880,52264,29837,21727,12299,5871,163873,b,1
2026-02-01 17:59:33.564468,66,96,237951,82531,49550,33290,27150,13235,5978,174108,b,1
2026-02-01 17:59:34.556135,69,95,548864,88002,32548,16946,11976,10616,6931,148837,b,1
2026-02-01 18:00:04.346806,34,42,847013,56346,37790,10997,15723,7668,2199,93655,b,1
2026-02-01 18:00:05.341587,59,67,166856,45962,18132,8274,12148,3860,1744,76204,b,1
2026-02-01 18:00:06.334206,65,69,154685,34055,17028,4823,6933,4192,1555,65477,b,1
2026-02-01 18:00:07.330044,67,75,473059,65394,20848,7844,9795,5199,2117,117563,b,1
2026-02-01 18:00:08.325631,62,74,398040,42531,9249,7766,10273,4842,2408,118159,b,1
2026-02-01 18:00:09.347735,63,70,397997,45671,15072,7604,8066,6866,3574,125854,b,1
2026-02-01 18:00:10.316741,67,67,332167,98176,21581,7268,19142,11310,5021,113889,b,1
2026-02-01 18:00:11.320250,69,61,319323,98724,20195,8296,19099,11989,5629,159408,b,1
2026-02-01 18:00:12.293070,75,61,766187,105184,23362,13783,21350,9584,6066,153735,b,1
2026-02-01 18:00:13.288853,73,62,528443,35200,15195,13201,8820,4695,4371,115333,b,1
2026-02-01 18:00:35.162257,45,48,430074,23098,15744,9031,4224,4490,4207,101772,b,1
2026-02-01 18:00:36.134593,73,72,64429,29159,15564,9348,5473,4383,3576,88760,b,1
2026-02-01 18:00:37.148553,80,69,71672,72170,29779,15766,10712,4809,3250,102482,b,1
2026-02-01 18:00:38.128435,71,73,96653,73074,21888,12171,10800,4240,2312,75839,b,1
2026-02-01 18:00:39.120080,59,72,61967,75194,18227,14375,9551,4408,3100,115356,b,1
2026-02-01 18:00:40.108285,49,66,214300,41173,15270,17076,11299,7055,2963,132422,b,1
2026-02-01 18:00:41.120831,48,62,229328,52537,17799,21096,12629,6409,2871,131255,b,1
2026-02-01 18:00:42.116064,49,61,447311,48063,18185,17570,14476,6643,3674,131419,b,1
2026-02-01 18:00:43.091169,52,63,343972,65208,27933,14734,17665,22861,7836,97071,b,1
2026-02-01 18:00:44.107301,56,63,322670,79184,25774,12359,16473,25104,8559,124052,b,1
2026-02-01 18:01:11.900375,40,33,247943,28650,17988,11353,7734,8765,4522,101463,b,1
2026-02-01 18:01:12.896099,69,51,54678,20690,17252,11708,7386,10081,5906,83436,b,1
2026-02-01 18:01:13.879086,87,56,139076,26924,16681,7068,5782,5488,3220,49904,b,1
2026-02-01 18:01:14.870784,87,63,256527,25367,10833,5530,4982,6217,3528,50501,b,1
2026-02-01 18:01:15.875411,84,68,352114,29260,10283,6242,5326,6097,4316,87738,b,1
2026-02-01 18:01:16.861678,80,66,556021,187748,15285,11614,19194,9591,5100,117173,b,1
2026-02-01 18:01:17.854155,72,57,786089,207981,14038,14515,25006,9436,6991,128166,b,1
2026-02-01 18:01:18.844972,67,49,822488,234846,17714,15456,29044,11208,7426,129705,b,1
2026-02-01 18:01:19.839194,58,40,867626,73564,17003,13854,19497,9466,7149,124018,b,1
2026-02-01 18:01:20.831701,57,40,1322303,91780,23358,12651,17157,10581,6289,106034,b,1
2026-02-01 18:01:50.652230,47,41,680219,55386,8297,15696,8156,10185,5609,104684,b,1
2026-02-01 18:01:51.643609,76,58,461164,46122,7905,12662,8608,16688,9131,111275,b,1
2026-02-01 18:01:52.617090,89,55,462728,53787,7657,13243,8413,15101,8330,101247,b,1
2026-02-01 18:01:53.632379,91,46,136194,93343,14231,23155,22402,15886,8405,93762,b,1
2026-02-01 18:01:54.604756,88,41,72913,79409,13092,15821,18280,15174,6386,105757,b,1
2026-02-01 18:01:55.597248,89,44,80187,82763,22869,16658,20946,15398,6048,114565,b,1
2026-02-01 18:01:56.616925,84,50,68168,69427,27541,11154,14015,21181,5858,118106,b,1
2026-02-01 18:01:57.581026,85,59,149834,73262,26681,13588,14179,15807,6620,120257,b,1
2026-02-01 18:01:58.577379,85,63,245755,76093,18361,12547,15222,14568,5695,87137,b,1
2026-02-01 18:01:59.572201,82,64,303213,45558,25829,12055,9423,8882,6832,83015,b,1
2026-02-01 18:02:26.413073,43,35,391870,21241,6824,7601,7960,6649,2929,70266,b,1
2026-02-01 18:02:27.404098,69,56,332576,44109,8787,8817,11680,7852,3300,78379,b,1
2026-02-01 18:02:28.375399,72,60,310083,48243,14930,9989,13268,9842,4007,82449,b,1
2026-02-01 18:02:29.391634,75,58,96413,84417,25827,9106,11654,7091,3428,92208,b,1
2026-02-01 18:02:30.386188,71,57,110857,71768,25643,9536,10437,6336,3176,92168,b,1
2026-02-01 18:02:31.379163,63,56,114521,70054,22542,10839,12913,4948,3934,102335,b,1
2026-02-01 18:02:32.369123,55,58,643591,127169,41165,29258,21396,8840,6042,105586,b,1
2026-02-01 18:02:33.364171,48,58,615297,124941,41718,29953,20919,11862,8188,140655,b,1
2026-02-01 18:02:34.336656,50,60,653309,135467,45194,28994,18623,11893,7862,135122,b,1
2026-02-01 18:02:35.352613,52,60,154336,51598,15666,10015,8946,6639,5050,96365,b,1
2026-02-01 18:03:08.130824,54,37,85520,11533,2703,6480,6155,3601,3972,146204,b,1
2026-02-01 18:03:09.122236,84,59,235264,55413,4272,7950,11312,7749,6424,89001,b,1
2026-02-01 18:03:10.116198,87,59,317638,77269,9730,13725,14181,7218,7052,99973,b,1
2026-02-01 18:03:11.107358,79,55,365257,116326,8625,17612,20424,13007,8369,131037,b,1
2026-02-01 18:03:12.103910,68,44,183613,76115,16235,14568,13273,11770,4956,140367,b,1
2026-02-01 18:03:13.075202,62,42,119023,67508,22021,13462,9560,12304,3907,142450,b,1
2026-02-01 18:03:14.070659,58,48,140110,38184,23231,12739,5367,6551,2574,111295,b,1
2026-02-01 18:03:15.080138,59,57,328644,39948,16556,11767,6668,4707,2671,114332,b,1
2026-02-01 18:03:16.077476,59,68,323538,38230,14188,8376,11566,4231,1923,78379,b,1
2026-02-01 18:03:17.071241,57,69,371278,27214,13189,6554,10954,5164,3872,117577,b,1
2026-02-01 18:03:44.881675,44,28,208111,36655,6093,7568,5009,4679,1377,116717,b,1
2026-02-01 18:03:45.875460,71,42,54967,43662,8621,8912,3284,6562,3472,124265,b,1
2026-02-01 18:03:46.869194,82,47,132030,117511,34043,26152,14415,6829,4438,121371,b,1
2026-02-01 18:03:47.860523,71,49,466390,133508,42954,28231,14488,7083,5494,120240,b,1
2026-02-01 18:03:48.855490,58,55,498462,142809,43589,30062,16754,5950,3424,89137,b,1
2026-02-01 18:03:49.849425,45,58,434812,60330,18577,10870,5419,3288,2740,59978,b,1
2026-02-01 18:03:50.842527,38,62,108097,33393,8681,13385,6527,4006,1918,56098,b,1
2026-02-01 18:03:51.833257,41,67,154609,72386,16022,14237,9131,7382,3097,79969,b,1
2026-02-01 18:03:52.828268,46,68,146904,93305,19833,15635,12193,9516,3546,110809,b,1
2026-02-01 18:03:53.818791,55,66,145416,100030,19677,18876,10461,8939,3554,103945,b,1
2026-02-01 18:04:24.611126,45,36,152372,17892,8382,9144,4840,7423,7438,170522,b,1
2026-02-01 18:04:25.607193,76,56,300911,39215,14696,5214,10054,9674,8609,89292,b,1
2026-02-01 18:04:26.600664,87,61,311136,36807,12752,5943,10757,7784,4250,56731,b,1
2026-02-01 18:04:27.592513,86,63,185941,44652,14027,6210,10582,7240,3923,62369,b,1
2026-02-01 18:04:28.584915,81,63,63656,57905,14159,24402,16371,9096,4320,64333,b,1
2026-02-01 18:04:29.577409,75,62,103032,76420,21444,25647,17652,14859,5290,92555,b,1
2026-02-01 18:04:30.572526,71,62,98283,78426,38837,29883,20508,15986,14693,88614,b,1
2026-02-01 18:04:31.568935,68,67,87562,58817,38414,12147,10808,11304,13431,67422,b,1
2026-02-01 18:04:32.558765,65,71,66377,77973,35144,17338,11248,7451,14063,54568,b,1
2026-02-01 18:04:33.551313,60,71,180949,76068,20187,16023,8172,6263,4566,62405,b,1
2026-02-01 18:05:07.320834,50,43,142058,49753,15085,13244,5450,4785,4063,86690,b,1
2026-02-01 18:05:08.300320,75,68,78821,63050,20642,14326,5223,4466,4264,55993,b,1
2026-02-01 18:05:09.310656,74,74,83840,58914,21805,10901,5598,4184,3539,62414,b,1
2026-02-01 18:05:10.303360,60,73,103159,92289,16891,18837,16921,4906,3006,57227,b,1
2026-02-01 18:05:11.296927,48,69,66927,71591,11622,22334,17465,5590,3461,71115,b,1
2026-02-01 18:05:12.270022,48,70,81222,81707,22864,26375,18911,6299,5178,66886,b,1
2026-02-01 18:05:13.283162,51,74,222649,83320,23433,14809,9951,12831,6166,66347,b,1
2026-02-01 18:05:14.275750,58,75,301252,86896,22233,11081,11349,14080,6497,75469,b,1
2026-02-01 18:05:15.276904,67,71,413888,130586,16559,9220,18520,20887,5853,88567,b,1
2026-02-01 18:05:16.264962,72,57,268150,68954,10894,7416,14623,12746,4136,68820,b,1
2026-02-01 18:05:57.982809,34,35,122566,189185,23635,13477,21935,11323,5470,70664,b,1
2026-02-01 18:05:58.975278,53,45,100505,194555,25140,12855,24894,13028,6150,66468,b,1
2026-02-01 18:05:59.967737,57,35,327789,252682,22430,12016,33139,20745,5263,68292,b,1
2026-02-01 18:06:00.960301,58,29,320420,116133,14249,10873,16005,19129,6801,56226,b,1
2026-02-01 18:06:01.955919,59,28,336059,160863,19264,10897,14184,18692,8660,59020,b,1
2026-02-01 18:06:02.949175,60,28,128188,99639,19508,29097,8212,18069,7863,61943,b,1
2026-02-01 18:06:03.940354,61,32,206874,117553,30216,33643,9526,16259,6288,74451,b,1
2026-02-01 18:06:04.937515,59,45,231490,104599,20666,37851,14549,25308,4241,62441,b,1
2026-02-01 18:06:05.927916,60,51,266150,130954,23362,20211,15227,15604,5453,57132,b,1
2026-02-01 18:06:06.921683,60,55,197695,104997,17126,10490,12596,14459,3273,33913,b,1
2026-02-01 18:06:29.767052,34,31,872386,190681,47094,44598,33593,33126,5185,143638,b,1
2026-02-01 18:06:30.759714,52,52,417768,112615,48583,28062,15126,7852,3675,52553,b,1
2026-02-01 18:06:31.755869,54,58,610674,132790,43761,28584,15609,11579,5156,52592,b,1
2026-02-01 18:06:32.747132,49,63,438540,78106,16381,11516,13665,16479,5575,59487,b,1
2026-02-01 18:06:33.738701,53,60,305413,74933,19832,11010,16155,23139,5778,62376,b,1
2026-02-01 18:06:34.734627,63,53,150014,57738,19399,7860,13141,19715,4225,51886,b,1
2026-02-01 18:06:35.728562,76,48,106675,66375,22415,4948,5762,12029,3725,43109,b,1
2026-02-01 18:06:36.719699,82,48,162829,99557,20430,28996,32793,7520,3134,41391,b,1
2026-02-01 18:06:37.713487,76,52,133988,96034,19218,33708,33023,8940,4130,54869,b,1
2026-02-01 18:06:38.708878,67,57,174393,149775,18684,40967,36960,6959,3286,43856,b,1
2026-02-01 17:31:10.076553,55,55,1069318,261228,172690,32434,12273,169025,4336,790094,n,2
2026-02-01 17:31:11.068982,82,78,1559247,435733,294401,53730,10063,228252,4221,1112264,n,2
2026-02-01 17:31:12.059196,79,79,1431450,651831,339253,42683,7307,257449,5405,1132970,n,2
2026-02-01 17:31:13.056286,81,84,1391983,669732,384433,43362,7877,236689,5502,1171182,n,2
2026-02-01 17:31:14.049372,79,92,1248869,646757,343839,24497,8122,244091,6537,1196172,n,2
2026-02-01 17:31:15.041558,77,92,938899,677283,322042,57333,13861,208330,5050,1218554,n,2
2026-02-01 17:31:16.035294,71,91,664870,530086,176483,48812,13831,152849,3114,927535,n,2
2026-02-01 17:31:17.032702,68,88,544038,666325,146830,79506,21791,112810,2292,928019,n,2
2026-02-01 17:31:18.021667,62,83,667698,413315,102862,47956,14232,70821,1820,613592,n,2
2026-02-01 17:31:19.015007,57,80,738675,769996,171973,67542,12438,126388,3098,940840,n,2
2026-02-01 17:32:01.730411,46,57,717185,536633,85644,121826,5092,214694,3271,832710,n,2
2026-02-01 17:32:02.720176,73,82,857747,566413,59536,152132,5563,222752,3699,861885,n,2
2026-02-01 17:32:03.716168,80,77,977786,607918,73697,160657,4958,234759,3656,858382,n,2
2026-02-01 17:32:04.706140,79,77,773425,231866,54667,94932,5021,111765,1724,430374,n,2
2026-02-01 17:32:05.702195,78,80,565711,165659,43415,62375,3186,87056,1353,319796,n,2
2026-02-01 17:32:06.696297,77,82,249883,129885,18853,56221,1498,55965,902,211939,n,2
2026-02-01 17:32:07.687455,75,82,210193,177474,43588,22432,1129,40147,1349,212826,n,2
2026-02-01 17:32:08.685360,71,81,324490,218638,67234,32081,2921,63099,1343,321942,n,2
2026-02-01 17:32:09.674968,67,79,324458,240039,66805,34867,2840,63535,1475,320016,n,2
2026-02-01 17:32:10.667616,61,78,137989,133492,24339,49639,2165,53110,923,216365,n,2
2026-02-01 17:32:44.439581,43,57,594260,249715,202770,179422,9842,113462,1987,828343,n,2
2026-02-01 17:32:45.434537,62,87,345547,217188,144828,168249,8199,98209,1770,688868,n,2
2026-02-01 17:32:46.425949,59,92,391919,801975,150973,110592,13546,99409,5583,601959,n,2
2026-02-01 17:32:47.418268,58,92,432461,912336,165029,119659,14015,127370,5995,699652,n,2
2026-02-01 17:32:48.413806,57,88,652339,993529,197106,119376,15717,153552,6038,798279,n,2
2026-02-01 17:32:49.405684,54,81,659500,282545,76730,50899,4091,116280,1611,396874,n,2
2026-02-01 17:32:50.398250,57,74,600346,177678,61487,44009,3527,89323,1417,295108,n,2
2026-02-01 17:32:51.391958,62,73,653187,983630,130747,132907,8656,212938,2909,684510,n,2
2026-02-01 17:32:52.387763,64,73,411443,1020864,108264,150749,9005,212632,3328,678287,n,2
2026-02-01 17:32:53.380906,67,73,1175151,1483455,253704,155344,12925,348423,5340,1147029,n,2
2026-02-01 17:33:30.131398,45,47,1121320,336031,193082,48029,3794,220234,5153,696162,n,2
2026-02-01 17:33:31.122754,69,72,1111181,358541,202045,41589,3655,209380,4705,673216,n,2
2026-02-01 17:33:32.119870,72,74,773002,689010,159134,25041,5617,147765,3117,567895,n,2
2026-02-01 17:33:33.112734,69,68,668436,633235,178913,26755,7484,134485,3102,565700,n,2
2026-02-01 17:33:34.106684,63,63,584795,589482,166598,26574,7125,132350,4000,558149,n,2
2026-02-01 17:33:35.104963,58,61,381190,182578,78283,24849,4845,59651,2154,274544,n,2
2026-02-01 17:33:36.092724,55,63,911555,371905,144782,43504,7554,155293,3813,552202,n,2
2026-02-01 17:33:37.087800,56,67,1276650,673069,231837,67076,10726,201577,4304,817787,n,2
2026-02-01 17:33:38.078993,55,65,2218228,766217,300273,84457,13671,299718,6310,1096416,n,2
2026-02-01 17:33:39.072845,57,65,2159598,711679,230206,81328,10051,271258,7420,1070070,n,2
2026-02-01 17:35:09.460717,34,40,771978,184475,76193,125671,21722,130216,3176,587431,n,2
2026-02-01 17:35:10.454405,52,66,260659,161533,29503,77287,5306,78221,1367,275914,n,2
2026-02-01 17:35:11.449422,53,68,250408,174959,28682,74267,5080,76829,1541,274707,n,2
2026-02-01 17:35:12.444490,58,68,314039,202525,6161,92992,5065,78700,2208,280968,n,2
2026-02-01 17:35:13.435711,62,63,325927,198096,7629,92995,5225,78674,1818,283636,n,2
2026-02-01 17:35:14.426904,59,60,381007,169461,7826,95077,5295,78606,1561,283379,n,2
2026-02-01 17:35:15.420828,59,61,313359,337134,12316,63613,2272,78721,1490,268936,n,2
2026-02-01 17:35:16.412820,58,58,435787,445718,13005,96203,3068,116703,1942,403255,n,2
2026-02-01 17:35:17.409164,59,56,869027,563221,35835,105735,4296,160639,3129,539541,n,2
2026-02-01 17:35:18.399677,59,51,684879,353800,26922,88755,2846,122361,2378,406025,n,2
2026-02-01 17:35:47.205264,38,43,470865,373818,19467,171431,6983,129409,1732,453831,n,2
2026-02-01 17:35:48.200113,53,62,507831,362074,19307,169617,6928,132343,1778,458753,n,2
2026-02-01 17:35:49.192851,49,56,162462,295414,18213,82312,5351,87588,1533,284453,n,2
2026-02-01 17:35:50.186354,47,56,470294,294684,6673,131442,1549,89150,1861,288512,n,2
2026-02-01 17:35:51.157841,47,57,454819,323004,6277,125552,1390,91083,1891,284464,n,2
2026-02-01 17:35:52.172147,47,58,440515,307559,4678,119703,1285,95310,1978,284155,n,2
2026-02-01 17:35:53.168543,47,60,259605,303241,8886,171782,4268,77921,1703,288132,n,2
2026-02-01 17:35:54.138917,47,60,495732,332918,15197,226350,8212,112234,1893,433601,n,2
2026-02-01 17:35:55.153593,51,63,742921,352116,16923,242170,9346,150179,2283,566720,n,2
2026-02-01 17:35:56.146448,60,64,560760,213904,10118,122662,6147,114632,1690,414466,n,2
2026-02-01 17:36:33.892209,39,40,1798087,504211,118438,67896,7517,169941,3599,616829,n,2
2026-02-01 17:36:34.887859,52,56,1419887,777034,160857,61137,12478,166233,4381,812568,n,2
2026-02-01 17:36:35.876103,41,51,1229519,746490,159165,57665,13635,155198,4234,802353,n,2
2026-02-01 17:36:36.872157,45,49,1079104,528546,215201,44372,17921,149807,4006,802706,n,2
2026-02-01 17:36:37.866217,48,53,1102888,269724,177991,23772,12131,124539,2602,528206,n,2
2026-02-01 17:36:38.858402,52,58,1000546,392456,210524,44476,22638,183183,4287,793526,n,2
2026-02-01 17:36:39.851016,56,63,386517,312026,108537,39786,14558,118039,3172,524972,n,2
2026-02-01 17:36:40.843693,57,65,404462,257137,110516,36706,14384,114345,3312,518401,n,2
2026-02-01 17:36:41.838667,58,66,558443,259978,146940,34711,14950,73665,2759,499990,n,2
2026-02-01 17:36:42.811592,53,70,834866,311915,373455,38849,17008,176846,4681,755468,n,2
2026-02-01 17:37:01.702729,38,48,1305622,474814,208673,88139,19477,191124,3387,848211,n,2
2026-02-01 17:37:02.700864,61,75,1415215,417539,259490,37007,21496,245892,4064,892779,n,2
2026-02-01 17:37:03.690058,65,77,1294557,646722,309165,40100,27583,336974,6667,1169601,n,2
2026-02-01 17:37:04.661563,67,72,1669383,657291,226206,54525,19880,281735,7086,1147132,n,2
2026-02-01 17:37:05.678869,69,65,1548156,731885,222156,72383,17399,249465,8791,1150576,n,2
2026-02-01 17:37:06.676229,66,60,1712769,897098,229375,98433,15462,292560,7878,1139539,n,2
2026-02-01 17:37:07.664055,65,53,1016312,889516,231615,73990,12017,261780,5430,854878,n,2
2026-02-01 17:37:08.656649,58,50,967532,633309,138802,49206,11166,192959,3132,561276,n,2
2026-02-01 17:37:09.650428,53,49,889905,656319,178983,26469,8802,148765,2558,578440,n,2
2026-02-01 17:37:10.625242,48,48,1066762,663574,340917,28379,9583,206671,3049,868517,n,2
2026-02-01 17:37:39.447173,41,34,1128492,1027418,322076,54109,13169,243871,5816,1140527,n,2
2026-02-01 17:37:40.444202,58,52,1432727,1112432,349864,134465,16997,246097,4867,1142013,n,2
2026-02-01 17:37:41.435834,59,59,1311368,1089756,255333,134544,12716,128147,4094,858139,n,2
2026-02-01 17:37:42.426058,41,56,1404261,723414,127813,141057,15836,143689,3674,855241,n,2
2026-02-01 17:37:43.423314,27,52,1571491,510147,173023,58621,17606,143352,4033,862116,n,2
2026-02-01 17:37:44.419316,24,50,1577209,768031,309581,55680,23532,230165,5239,1162131,n,2
2026-02-01 17:37:45.410836,27,49,1219938,519835,289275,31891,16567,183434,5024,876502,n,2
2026-02-01 17:37:46.384976,39,55,635110,417316,168314,26435,9979,139410,3667,577650,n,2
2026-02-01 17:37:47.396881,51,61,1488214,336699,202779,51580,9782,115364,4663,563375,n,2
2026-02-01 17:37:48.390425,58,68,1939548,497151,280543,48724,14366,137150,5743,845100,n,2
2026-02-01 17:38:13.221396,31,36,776368,190416,39478,57439,6546,105475,3771,504048,n,2
2026-02-01 17:38:14.218355,53,54,1241830,426327,127572,70568,13682,172527,5719,791798,n,2
2026-02-01 17:38:15.212162,63,56,1433806,585648,210308,60906,14650,241261,7111,1035873,n,2
2026-02-01 17:38:16.201455,67,54,1148227,958278,260603,98720,13867,255838,6046,1056210,n,2
2026-02-01 17:38:17.199315,65,52,764680,695919,170118,81635,5919,198770,4315,770651,n,2
2026-02-01 17:38:18.189774,63,52,958331,592673,224406,83992,6848,177060,2737,782777,n,2
2026-02-01 17:38:19.180353,61,56,1133662,205757,183007,27372,7550,109861,1329,523403,n,2
2026-02-01 17:38:20.177702,59,62,1115749,239485,189993,36176,9438,106399,1373,520884,n,2
2026-02-01 17:38:21.170169,58,71,539770,131016,74800,19735,7578,57473,1426,253525,n,2
2026-02-01 17:38:22.141509,56,78,528623,289560,165971,29758,6697,82057,2989,506569,n,2
2026-02-01 17:39:37.654079,26,30,1093799,151455,90778,15257,12089,56204,5768,322468,s,3
2026-02-01 17:39:38.649051,28,38,667125,48136,7847,11464,7071,5925,2946,24463,s,3
2026-02-01 17:39:39.642817,12,25,768891,52627,9352,11873,8419,6211,3193,22241,s,3
2026-02-01 17:39:40.633971,16,24,719899,68813,9528,6158,9076,7003,2046,28184,s,3
2026-02-01 17:39:41.627790,24,26,772070,43156,10404,4009,7255,5492,1763,29237,s,3
2026-02-01 17:39:42.616759,26,28,1264444,53730,14492,6744,10293,11671,3846,43994,s,3
2026-02-01 17:39:43.611552,33,32,943911,55712,16898,14454,8452,9299,3797,84788,s,3
2026-02-01 17:39:44.608808,33,39,1246939,60985,18931,18991,10449,9961,4946,88738,s,3
2026-02-01 17:39:45.576646,32,53,676848,76474,14424,18322,9797,5274,3240,92995,s,3
2026-02-01 17:39:46.592945,26,59,1130920,52883,7545,10002,9029,5311,3460,53441,s,3
2026-02-01 17:41:17.974504,44,39,1360233,298822,176448,51755,79089,75241,16694,482127,s,3
2026-02-01 17:41:18.947027,57,60,475016,209495,51505,46383,70051,23736,16590,290898,s,3
2026-02-01 17:41:19.960874,46,70,1046621,241549,49902,66182,81665,26580,19064,137224,s,3
2026-02-01 17:41:20.953450,42,80,1477704,188177,110238,60311,29740,29300,21651,156403,s,3
2026-02-01 17:41:21.947976,44,86,1681208,286785,149174,70321,45801,43825,28551,165853,s,3
2026-02-01 17:41:22.942028,46,83,1280255,247007,144891,47788,32987,40595,23354,146059,s,3
2026-02-01 17:41:23.913404,46,82,728588,125991,84203,27460,24627,20933,9967,34669,s,3
2026-02-01 17:41:24.907182,44,88,651927,55599,54084,16683,10425,5682,3510,44931,s,3
2026-02-01 17:41:25.922177,38,91,695991,98970,75806,30919,19578,24239,9033,67740,s,3
2026-02-01 17:41:26.916886,36,95,789690,113118,45055,25904,14952,24045,10201,93760,s,3
2026-02-01 17:42:10.619229,51,40,564864,132843,36558,25549,17266,19714,13694,180796,s,3
2026-02-01 17:42:11.591715,70,62,859534,134151,36741,25517,17470,17421,13732,172179,s,3
2026-02-01 17:42:12.604388,57,64,849093,194257,36499,23036,18539,22226,11098,30747,s,3
2026-02-01 17:42:13.599285,57,52,479218,94496,6251,3498,7607,8740,1242,10070,s,3
2026-02-01 17:42:14.593498,53,41,505349,120952,4978,4638,11680,12653,2163,13537,s,3
2026-02-01 17:42:15.584637,50,25,469303,45192,3937,4998,6044,5218,1756,30391,s,3
2026-02-01 17:42:16.581828,44,21,440718,57712,14274,11689,7414,8088,4796,31396,s,3
2026-02-01 17:42:17.574316,43,28,578310,46800,17780,12185,5833,5168,5589,116510,s,3
2026-02-01 17:42:18.566824,40,39,1221425,89174,45673,41186,23218,25155,9666,117784,s,3
2026-02-01 17:42:19.559328,40,59,1564133,111994,52060,41782,29654,28222,8869,209865,s,3
2026-02-01 17:43:09.202675,44,27,144244,95756,37171,35628,15041,20742,12905,171152,s,3
2026-02-01 17:43:10.221385,65,42,177905,98628,37429,35832,14756,20705,13090,174615,s,3
2026-02-01 17:43:11.188912,63,37,972347,122923,38938,37608,19390,22019,13755,42679,s,3
2026-02-01 17:43:12.181677,56,43,898575,58126,5531,4827,9411,5135,2971,23180,s,3
2026-02-01 17:43:13.176555,50,41,1017894,63519,6425,10227,11724,9182,3161,22072,s,3
2026-02-01 17:43:14.171392,48,37,516513,46426,14298,13545,20468,12931,5662,34302,s,3
2026-02-01 17:43:15.170218,52,37,1105398,76204,18571,21243,24986,14980,7985,156340,s,3
2026-02-01 17:43:16.155332,58,40,1307004,78595,20484,18128,24987,15065,8257,155051,s,3
2026-02-01 17:43:17.171580,64,47,1226649,71851,11422,14517,10248,9155,4717,148540,s,3
2026-02-01 17:43:18.146601,62,52,922868,32665,13861,7911,8499,7430,2548,23694,s,3
2026-02-01 17:44:00.854803,33,42,942883,44928,24402,14362,9097,9311,3509,77654,s,3
2026-02-01 17:44:01.856970,49,67,1319291,139516,110962,85274,53657,22951,19678,105156,s,3
2026-02-01 17:44:02.839914,48,72,1481264,277496,112015,95344,66337,25784,19774,129728,s,3
2026-02-01 17:44:03.880998,48,71,1302384,277341,113533,92669,67716,25677,20527,128047,s,3
2026-02-01 17:44:04.851188,48,71,981520,245951,42367,42229,30328,23750,7322,100329,s,3
2026-02-01 17:44:05.842534,48,68,977568,106436,22575,26509,10972,16429,4496,34224,s,3
2026-02-01 17:44:06.838697,44,62,983312,110028,21915,26275,10385,16072,3683,30818,s,3
2026-02-01 17:44:07.828819,40,53,519213,39584,10678,10901,4163,4851,2024,11583,s,3
2026-02-01 17:44:08.813038,40,52,433511,23505,11362,9347,3909,4502,1722,8034,s,3
2026-02-01 17:44:09.793742,44,58,958661,46848,16609,21874,5572,7635,6779,30613,s,3
2026-02-01 17:44:33.632900,38,36,837890,270508,72320,31865,19033,66417,12576,565222,s,3
2026-02-01 17:44:34.625348,58,54,264542,75128,27698,23828,10734,16626,9254,123406,s,3
2026-02-01 17:44:35.619109,59,57,586731,110448,32508,23112,9475,15260,7428,28318,s,3
2026-02-01 17:44:36.612944,59,54,809095,98308,16166,8090,6708,10839,4000,35704,s,3
2026-02-01 17:44:37.609886,56,49,724442,90618,11222,9999,6548,12538,5080,33201,s,3
2026-02-01 17:44:38.626380,54,43,632385,57781,24308,20857,8529,23619,9939,48328,s,3
2026-02-01 17:44:39.594181,57,43,717109,41053,26888,21427,7990,19763,8832,29503,s,3
2026-02-01 17:44:40.588998,60,48,973485,60663,24446,19487,8097,20991,8507,28677,s,3
2026-02-01 17:44:41.600514,63,56,802863,58415,7783,7997,4764,7473,3390,11528,s,3
2026-02-01 17:44:42.575564,60,57,699288,58357,33687,18412,5226,16281,4169,28452,s,3
2026-02-01 17:45:09.414755,11,39,327806,120186,22764,8893,7504,9950,2720,74366,s,3
2026-02-01 17:45:10.397473,13,47,666005,123321,18343,7790,5323,8918,2747,53625,s,3
2026-02-01 17:45:11.389809,11,27,1183025,444162,150502,40531,81474,72995,18768,111050,s,3
2026-02-01 17:45:12.379749,19,26,1199226,368320,139350,37356,79889,67442,16711,83097,s,3
2026-02-01 17:45:13.375070,34,37,1042713,365266,139316,38237,79789,67428,16825,79402,s,3
2026-02-01 17:45:14.357290,48,52,659421,50548,9071,11605,6065,15597,5415,26086,s,3
2026-02-01 17:45:15.376171,58,62,1071807,170696,33096,14120,8796,20668,6793,50748,s,3
2026-02-01 17:45:16.372225,60,63,1388407,342060,206032,34058,56864,59697,30780,172230,s,3
2026-02-01 17:45:17.337413,59,60,1295368,301693,202537,27853,54729,47087,26308,158231,s,3
2026-02-01 17:45:18.333671,58,59,832493,193683,185143,27543,53087,45687,26171,140102,s,3
2026-02-01 17:45:42.172686,28,39,1362694,261848,268771,26199,32037,26422,10762,487321,s,3
2026-02-01 17:45:43.164938,44,57,682460,70343,23968,10072,14829,7538,7603,143026,s,3
2026-02-01 17:45:44.160868,44,48,869888,80444,26357,12240,13657,7356,6222,47382,s,3
2026-02-01 17:45:45.150405,42,50,521269,117649,15515,26413,9721,23365,6422,60993,s,3
2026-02-01 17:45:46.162769,38,49,787909,119724,13418,27479,12227,24697,7945,58966,s,3
2026-02-01 17:45:47.142855,36,46,1082880,266997,53049,41397,22642,33592,17246,76784,s,3
2026-02-01 17:45:48.139207,37,42,1074095,250490,52723,28261,24924,16001,15138,70852,s,3
2026-02-01 17:45:49.123033,39,36,1087385,272518,108434,38366,24375,31144,20941,76012,s,3
2026-02-01 17:45:50.124226,40,40,1032534,323683,77208,55764,64381,41631,70776,123096,s,3
2026-02-01 17:45:51.110428,40,44,1286256,338132,85100,68615,65769,61767,76539,219009,s,3
2026-02-01 17:46:15.949421,31,43,662794,187092,50570,41558,25419,17176,39809,223397,s,3
2026-02-01 17:46:16.934697,44,68,958907,185234,52264,44638,30644,22421,40258,223805,s,3
2026-02-01 17:46:17.934500,44,67,860646,241822,41168,62471,30523,32972,45029,126409,s,3
2026-02-01 17:46:18.919852,52,66,1052970,94665,10347,27022,14651,19910,7350,42396,s,3
2026-02-01 17:46:19.914684,61,59,870162,96623,13506,25135,10861,16241,7398,39554,s,3
2026-02-01 17:46:20.923457,65,57,799041,98819,32375,110380,34111,19879,9653,106365,s,3
2026-02-01 17:46:21.905964,62,59,492016,106846,33012,107963,34807,20483,9725,105827,s,3
2026-02-01 17:46:22.898482,57,62,1065652,246216,63069,122586,42017,30972,12349,136476,s,3
2026-02-01 17:46:23.898286,50,63,985649,174049,38520,17777,10999,15961,5043,45251,s,3
2026-02-01 17:46:24.895583,49,56,981811,160734,38337,19489,11543,15334,5175,42945,s,3
2026-02-01 17:46:50.729204,23,23,845819,340525,72194,36083,41502,37790,14096,196720,s,3
2026-02-01 17:46:51.724108,40,36,745963,131222,30854,11984,30281,28449,13308,104638,s,3
2026-02-01 17:46:52.694075,45,38,780025,147345,38442,11731,28420,33142,15070,24030,s,3
2026-02-01 17:46:53.708902,54,38,686640,69844,20680,9492,5484,8002,2863,14990,s,3
2026-02-01 17:46:54.682859,53,37,734230,136965,19285,9305,8238,15044,10530,32692,s,3
2026-02-01 17:46:55.694058,56,34,662411,265842,21098,9520,13103,23382,12894,48931,s,3
2026-02-01 17:46:56.666565,51,29,579097,260377,22577,5487,11901,22640,12770,49847,s,3
2026-02-01 17:46:57.677692,49,25,1047969,243430,20023,4424,11133,18870,7131,32455,s,3
2026-02-01 17:46:58.658975,45,24,989582,82525,10016,15066,7252,9108,6770,40431,s,3
2026-02-01 17:46:59.653865,45,28,1220746,90675,12740,19771,8081,13918,10284,66879,s,3
2026-02-01 18:24:39.591515,41,46,1050162,849562,84634,385139,7636,153870,3241,909935,r,4
2026-02-01 18:24:40.585207,60,67,708731,905717,9680,492696,5788,136442,2410,738585,r,4
2026-02-01 18:24:41.579980,59,64,656427,807806,10935,458988,6073,131693,2623,661030,r,4
2026-02-01 18:24:42.584769,52,66,790745,620934,13823,409651,4261,125592,2842,632301,r,4
2026-02-01 18:24:43.567779,46,71,715443,626668,11731,428504,4017,124083,2607,630777,r,4
2026-02-01 18:24:44.554470,42,77,703791,601882,11349,409933,3732,118561,2682,613513,r,4
2026-02-01 18:24:45.551530,41,84,669261,598142,8953,402899,3953,114780,2648,602500,r,4
2026-02-01 18:24:46.547224,41,84,463064,455822,7016,295003,2513,82687,1724,440674,r,4
2026-02-01 18:24:47.518680,40,84,426902,473167,6818,279533,2097,74164,1422,420777,r,4
2026-02-01 18:24:48.530141,38,82,418017,292433,7185,262212,3082,84704,1646,411524,r,4
2026-02-01 18:25:07.402360,53,45,510449,216581,64069,118390,2198,73944,1833,403093,r,4
2026-02-01 18:25:08.397291,81,67,511604,177622,72925,86741,1943,72276,1689,376058,r,4
2026-02-01 18:25:09.392352,84,67,468935,213050,19911,172997,1497,74774,1618,375820,r,4
2026-02-01 18:25:10.383563,76,73,526132,291547,53353,135141,2133,73585,1351,376553,r,4
2026-02-01 18:25:11.378572,69,76,1251599,811984,70843,328273,7830,220092,4128,998205,r,4
2026-02-01 18:25:12.368052,62,75,1085691,837806,80761,255768,8286,236853,4346,993270,r,4
2026-02-01 18:25:13.362271,61,68,1064702,882781,44429,282915,7674,237829,4720,988057,r,4
2026-02-01 18:25:14.359271,61,60,330575,385246,18885,108544,2001,92003,1962,366531,r,4
2026-02-01 18:25:15.349793,61,56,210110,335662,8373,108574,1671,52533,1483,244294,r,4
2026-02-01 18:25:16.341088,56,55,360871,141058,2957,148236,1193,51808,942,250187,r,4
2026-02-01 18:25:45.124626,40,47,51480,62698,7784,39445,1198,39225,849,133268,r,4
2026-02-01 18:25:46.139388,62,74,276615,134058,31754,39264,3521,41932,838,226905,r,4
2026-02-01 18:25:47.134369,66,79,309288,141780,36614,32813,3839,39349,902,226392,r,4
2026-02-01 18:25:48.130790,68,76,335481,332511,37318,106865,3915,61349,1254,339991,r,4
2026-02-01 18:25:49.121955,66,71,236759,308939,13984,175119,1724,69520,1349,342150,r,4
2026-02-01 18:25:50.113194,57,69,709865,546410,28249,458427,5705,176145,3365,907593,r,4
2026-02-01 18:25:51.109431,52,73,945572,410890,25288,471975,7673,173824,3278,911923,r,4
2026-02-01 18:25:52.100222,50,81,984381,399867,26724,475214,8139,177850,3231,911287,r,4
2026-02-01 18:25:53.093090,54,88,1085076,799577,25854,522620,8093,175769,3772,921277,r,4
2026-02-01 18:25:54.090198,56,91,917497,856982,25018,505945,6454,176374,3933,919631,r,4
2026-02-01 18:26:11.966815,43,43,364955,430640,8973,360668,5409,108096,5136,513530,r,4
2026-02-01 18:26:12.942656,65,63,537746,381290,10163,425109,5503,122674,1391,644528,r,4
2026-02-01 18:26:13.944118,63,63,402339,704091,8443,402930,6667,121242,1274,621895,r,4
2026-02-01 18:26:14.944216,60,66,441522,822396,9671,403486,6986,177838,3297,784912,r,4
2026-02-01 18:26:15.940464,58,70,331832,849165,8657,279332,5067,191539,4961,738908,r,4
2026-02-01 18:26:16.932906,61,63,228488,517337,10472,100886,1969,212543,6672,689888,r,4
2026-02-01 18:26:17.924294,69,53,204008,499262,8901,89571,1986,210170,6517,680719,r,4
2026-02-01 18:26:18.918029,78,38,270429,479909,11634,100019,2060,201708,5939,681289,r,4
2026-02-01 18:26:19.910599,85,29,301558,597580,14231,182323,3190,194768,4507,702888,r,4
2026-02-01 18:26:20.906625,85,27,345120,695518,13633,285983,3515,177849,3291,715388,r,4
2026-02-01 18:26:38.784211,41,34,967782,673560,24858,247421,10770,272712,8337,1119490,r,4
2026-02-01 18:26:39.780846,62,52,1347699,764335,27183,360898,12010,294134,8355,1276139,r,4
2026-02-01 18:26:40.770300,62,58,1693004,798382,23610,402292,10200,303381,8408,1276088,r,4
2026-02-01 18:26:41.765301,62,66,1489637,287131,13708,332037,5619,143521,3067,667859,r,4
2026-02-01 18:26:42.760710,64,74,1349164,274427,14639,340446,5759,139493,3174,661785,r,4
2026-02-01 18:26:43.751833,65,82,827970,595690,12764,374249,6921,121963,2597,662563,r,4
2026-02-01 18:26:44.742106,61,85,345822,709170,4985,318539,4882,132476,2641,619520,r,4
2026-02-01 18:26:45.737772,56,81,165814,759061,6024,213748,3717,147640,3217,588436,r,4
2026-02-01 18:26:46.733600,52,67,424523,449085,23871,135343,3953,161692,2930,575976,r,4
2026-02-01 18:26:47.725128,54,53,435010,417770,23978,131101,3290,158802,3260,570029,r,4
2026-02-01 18:27:07.588940,38,48,1170847,440969,34906,337825,15654,196287,4583,973013,r,4
2026-02-01 18:27:08.581363,61,66,929793,463866,38720,322413,15502,191918,4681,951728,r,4
2026-02-01 18:27:09.576239,65,66,691325,401471,14974,277572,2950,86855,2086,502341,r,4
2026-02-01 18:27:10.571489,64,68,770930,430393,9186,268282,2138,91002,1910,494084,r,4
2026-02-01 18:27:11.563858,55,77,1021036,1028347,35676,488468,5806,172619,3712,963979,r,4
2026-02-01 18:27:12.555379,45,77,881485,824536,32306,399379,5021,155450,3314,836556,r,4
2026-02-01 18:27:13.550100,39,76,624565,757948,32948,348204,5183,130782,3043,714332,r,4
2026-02-01 18:27:14.542580,38,73,471079,530306,22898,306408,5424,134690,2722,717158,r,4
2026-02-01 18:27:15.539872,38,71,727447,543901,26330,346803,6609,165817,3202,831387,r,4
2026-02-01 18:27:16.530067,44,74,1228300,693982,118204,397359,25192,213048,5373,1396461,r,4
2026-02-01 18:27:36.393788,33,48,859439,322845,12155,176875,2296,88061,1929,407795,r,4
2026-02-01 18:27:37.366238,51,79,928969,392358,28452,294631,11146,222700,4055,873683,r,4
2026-02-01 18:27:38.381140,53,88,1345856,390233,46166,321069,14681,262919,4593,991267,r,4
2026-02-01 18:27:39.352391,61,84,851822,358862,47431,242468,14082,234818,4292,855536,r,4
2026-02-01 18:27:40.376886,66,79,754913,509834,39525,351066,10938,183377,2923,869666,r,4
2026-02-01 18:27:41.358773,69,76,327602,523998,21209,324189,7192,143655,2482,743454,r,4
2026-02-01 18:27:42.353623,63,74,290352,503076,26058,308292,7199,145259,2545,741449,r,4
2026-02-01 18:27:43.328376,55,69,304061,203467,20241,88948,4630,49777,1639,232720,r,4
2026-02-01 18:27:44.342381,49,66,305151,185125,21536,75496,4965,48202,1683,233187,r,4
2026-02-01 18:27:45.334869,47,63,321327,186479,14847,91579,4902,45870,1492,232195,r,4
2026-02-01 18:28:03.212430,43,44,601086,720807,248767,131839,3829,122469,3312,742136,r,4
2026-02-01 18:28:04.207243,58,67,719001,613394,266526,84880,5239,101341,3010,692913,r,4
2026-02-01 18:28:05.199816,51,70,760395,632750,266524,78948,5190,103427,3175,689764,r,4
2026-02-01 18:28:06.173750,45,66,448149,294685,29575,83979,3619,48490,1796,281668,r,4
2026-02-01 18:28:07.165740,43,60,933224,583061,175535,120276,2887,113284,3921,654836,r,4
2026-02-01 18:28:08.182322,40,55,873643,608728,174839,129064,2885,113600,3976,655239,r,4
2026-02-01 18:28:09.173557,40,51,870165,528357,170247,168580,4291,108902,3197,663612,r,4
2026-02-01 18:28:10.175979,40,55,192555,176056,6091,135095,2464,35946,797,196817,r,4
2026-02-01 18:28:11.165970,38,61,200325,144258,7404,131351,2568,33660,571,196766,r,4
2026-02-01 18:28:12.153457,36,67,117400,115207,37292,61995,1292,34297,512,196767,r,4
2026-02-01 18:28:39.965975,42,40,1127589,570026,232161,222626,35615,176667,4706,1176427,r,4
2026-02-01 18:28:40.958419,56,63,1198835,597669,243829,179655,38677,152010,4225,1124375,r,4
2026-02-01 18:28:41.950966,47,64,974882,433423,110999,121796,26198,87183,3945,750515,r,4
2026-02-01 18:28:42.941177,46,65,514158,187241,42449,35382,5234,49146,2125,277980,r,4
2026-02-01 18:28:43.941136,49,59,340416,318313,61714,31163,2263,54638,1900,285034,r,4
2026-02-01 18:28:44.935731,49,51,512879,500959,152561,70321,15315,144796,3305,687254,r,4
2026-02-01 18:28:45.924800,52,46,1017839,724483,261680,92411,29296,207116,4778,1154378,r,4
2026-02-01 18:28:46.915894,52,45,1268537,814657,313038,111151,35334,268074,7288,1500671,r,4
2026-02-01 18:28:47.911596,52,47,1131317,681866,207921,102968,22086,178719,5235,1097229,r,4
2026-02-01 18:28:48.905904,52,50,814158,478765,130558,87371,11839,130133,3714,722618,r,4
2026-02-01 18:29:13.735624,41,41,617277,569325,167113,106167,7366,69983,2914,715550,r,4
2026-02-01 18:29:14.728244,54,66,517864,509798,145052,127581,8432,58067,3350,677030,r,4
2026-02-01 18:29:15.723203,42,73,697388,545467,163138,134806,10766,74785,3626,775147,r,4
2026-02-01 18:29:16.715705,35,73,645159,179905,55882,97595,5131,57249,1508,394714,r,4
2026-02-01 18:29:17.712253,35,73,900152,256834,161138,66613,7966,88951,2223,759220,r,4
2026-02-01 18:29:18.702914,42,73,889918,447007,357212,55572,12303,165102,3763,1128052,r,4
2026-02-01 18:29:19.697248,48,75,1059552,623261,452083,87971,22932,229842,4986,1506809,r,4
2026-02-01 18:29:20.690665,54,76,962165,747223,459260,192182,21348,248526,5159,1535374,r,4
2026-02-01 18:29:21.685758,54,75,1338789,680596,417302,225052,20891,242340,5969,1549245,r,4
2026-02-01 18:29:22.653174,54,76,960054,620163,296487,248992,11609,182959,4994,1170047,r,4
2026-02-01 18:29:50.485802,38,47,456821,162550,65012,43405,3775,78026,1770,416775,r,4
2026-02-01 18:29:51.479490,58,69,789331,289450,116598,37394,7387,133903,2699,682932,r,4
2026-02-01 18:29:52.474504,54,66,1139021,385616,146940,27886,8126,211065,3210,905012,r,4
2026-02-01 18:29:53.465755,62,56,944501,515001,178895,19050,16134,225253,3335,890950,r,4
2026-02-01 18:29:54.461815,67,46,690261,524120,175736,10081,18508,229679,4099,865476,r,4
2026-02-01 18:29:55.455667,74,39,824963,608957,206068,18475,26776,218382,4088,871199,r,4
2026-02-01 18:29:56.444827,76,35,671117,844836,133096,15675,19203,223724,5375,864902,r,4
2026-02-01 18:29:57.439413,71,28,1114361,836832,125888,13598,16826,212621,6545,881870,r,4
2026-02-01 18:29:58.431903,66,24,715534,766203,105753,5889,8886,202571,6581,869052,r,4
2026-02-01 18:29:59.425585,62,20,894758,388579,187522,13569,12323,193146,6212,871029,r,4
2026-02-01 18:30:20.283219,32,41,476901,250745,48360,63563,6869,76765,2642,382147,r,4
2026-02-01 18:30:21.281501,51,64,777488,272796,63025,22881,13476,88873,3633,435263,r,4
2026-02-01 18:30:22.271768,54,61,860417,193734,65864,13461,12133,84651,3801,397744,r,4
2026-02-01 18:30:23.261969,59,61,921420,449228,58010,12917,14947,126833,6201,597745,r,4
2026-02-01 18:30:24.260285,62,54,752973,354679,104854,9308,7093,128540,4777,592730,r,4
2026-02-01 18:30:25.253002,69,52,647496,460071,149593,19407,12275,168514,6891,779775,r,4
2026-02-01 18:30:26.244377,73,51,612798,262370,191046,26161,14571,179963,5468,783843,r,4
2026-02-01 18:30:27.242801,77,54,353502,486968,127002,21671,14826,183984,5644,769086,r,4
2026-02-01 18:30:28.230638,77,53,302362,380363,67582,12212,9687,137441,3266,586869,r,4
2026-02-01 18:30:29.228126,77,47,132368,395414,51298,8271,5134,132490,3487,575363,r,4
2026-02-01 18:33:24.041740,47,42,874261,428996,317117,17369,12540,212315,4075,1026407,l,5
2026-02-01 18:33:25.034114,66,69,1200469,532378,399385,22385,15303,260580,5336,1174784,l,5
2026-02-01 18:33:26.029121,58,77,937927,443140,279667,22901,17043,229125,6470,1158993,l,5
2026-02-01 18:33:27.019244,64,81,896867,445765,203973,41023,16925,201887,7249,1123668,l,5
2026-02-01 18:33:28.015174,71,82,857345,385266,159470,63704,20856,171965,8559,1121564,l,5
2026-02-01 18:33:29.008727,78,83,1099036,631506,207272,83009,20954,156498,6511,1142887,l,5
2026-02-01 18:33:30.000483,74,80,1411994,745238,229077,91135,29060,142605,5184,1149890,l,5
2026-02-01 18:33:30.995439,64,77,1193577,830403,315126,67680,32893,148802,4131,1167210,l,5
2026-02-01 18:33:31.987940,53,77,987027,552355,221779,43358,26233,119609,3463,863798,l,5
2026-02-01 18:33:32.980443,47,76,442172,315185,165698,14715,13108,95246,2509,583483,l,5
2026-02-01 18:33:58.805791,38,45,832837,897942,187643,23960,35531,172359,5310,1011750,l,5
2026-02-01 18:33:59.800432,55,55,531206,789886,117856,6932,20542,146966,4261,675362,l,5
2026-02-01 18:34:00.791622,56,37,280316,711456,111134,8567,17092,152674,5024,641637,l,5
2026-02-01 18:34:01.783006,56,34,377214,536059,132108,14952,15595,168906,6214,639862,l,5
2026-02-01 18:34:02.780895,59,36,382224,558119,171027,17155,20081,226861,7404,849885,l,5
2026-02-01 18:34:03.772962,68,49,444537,617545,128262,18064,20175,230053,5903,874673,l,5
2026-02-01 18:34:04.765453,76,55,428922,381515,129909,14311,17857,221835,3889,862116,l,5
2026-02-01 18:34:05.759972,85,62,443150,303046,95324,13610,13319,166789,2875,650235,l,5
2026-02-01 18:34:06.754271,92,65,364471,244851,104035,8691,11191,157541,3194,640009,l,5
2026-02-01 18:34:07.746632,96,68,829249,231879,136761,19297,8792,156016,3246,635397,l,5
2026-02-01 18:34:29.602692,49,58,836393,304958,118715,11680,7565,98170,3978,590215,l,5
2026-02-01 18:34:30.588072,71,84,696269,592573,110546,10475,9633,147759,4192,776142,l,5
2026-02-01 18:34:31.587477,64,72,480032,590081,83618,7628,11098,160582,2973,770416,l,5
2026-02-01 18:34:32.579160,67,59,513989,562352,96789,4583,15725,179221,3211,758018,l,5
2026-02-01 18:34:33.574061,71,47,527487,501716,144992,16102,21118,163634,4016,753383,l,5
2026-02-01 18:34:34.565499,71,45,1000214,513969,133088,22061,19910,178991,5007,738659,l,5
2026-02-01 18:34:35.555546,73,50,861754,738556,76359,21366,14762,168822,5465,735267,l,5
2026-02-01 18:34:36.550594,70,48,1469136,607746,102394,16937,12438,199277,5397,730343,l,5
2026-02-01 18:34:37.545473,70,48,1137563,634821,113320,13958,17197,186280,4858,735924,l,5
2026-02-01 18:34:38.534372,69,43,1068554,323234,149586,22574,19922,169401,3822,724571,l,5
2026-02-01 18:35:03.371322,34,59,326220,125339,57835,15259,4543,23307,1109,179553,l,5
2026-02-01 18:35:04.360677,53,91,665105,207003,37513,14370,8248,38141,1146,297160,l,5
2026-02-01 18:35:05.355522,52,91,1185237,200605,51929,11318,10828,72283,1721,417650,l,5
2026-02-01 18:35:06.347942,53,90,1310365,267204,85266,12801,12279,88193,1957,548755,l,5
2026-02-01 18:35:07.344947,56,87,1137588,151400,93940,15241,11654,76779,2095,518075,l,5
2026-02-01 18:35:08.338048,63,85,356434,122913,66410,11701,8736,42677,1279,393971,l,5
2026-02-01 18:35:09.329269,71,84,227228,81438,22435,12203,7842,45608,1261,402512,l,5
2026-02-01 18:35:10.323024,76,81,748896,210991,169464,12962,21643,83878,3222,918920,l,5
2026-02-01 18:35:11.316842,78,82,1383353,248710,251338,30261,36090,143206,5528,1581902,l,5
2026-02-01 18:35:12.308229,78,83,1377173,265230,265340,27130,34411,144070,6431,1567622,l,5
2026-02-01 18:35:36.146917,52,59,304505,138426,50418,10174,6330,41485,1201,313127,l,5
2026-02-01 18:35:37.141819,79,81,238234,212649,50714,8392,9003,64798,1478,432492,l,5
2026-02-01 18:35:38.134359,78,71,125274,178592,20676,4203,5136,49671,1203,294563,l,5
2026-02-01 18:35:39.126735,75,67,170537,223778,22444,7133,10532,79968,1792,440655,l,5
2026-02-01 18:35:40.121835,74,64,447899,178722,34927,9334,10478,77843,1741,452704,l,5
2026-02-01 18:35:41.113892,75,64,463222,183655,32577,9893,10239,83747,1606,451955,l,5
2026-02-01 18:35:42.106823,80,66,408499,192311,32190,8481,8850,84779,1531,454186,l,5
2026-02-01 18:35:43.100575,84,66,151686,258198,14963,7199,11536,89945,1611,451078,l,5
2026-02-01 18:35:44.093026,86,63,269401,304416,34763,14084,14309,120029,1895,615230,l,5
2026-02-01 18:35:45.091934,89,58,267794,300295,55550,13070,11502,112604,1987,617035,l,5
2026-02-01 18:36:16.873130,40,56,1031393,411618,156437,31137,16703,127617,7511,802419,l,5
2026-02-01 18:36:17.863273,59,87,1024109,366545,175662,32793,17917,126750,7471,893193,l,5
2026-02-01 18:36:18.860435,50,91,1494287,375857,240097,108453,28331,216409,9661,1540301,l,5
2026-02-01 18:36:19.850694,56,92,1228889,352380,317765,95138,49008,178724,5872,1600408,l,5
2026-02-01 18:36:20.845692,61,95,1231377,329235,291162,93516,47628,171410,5597,1476291,l,5
2026-02-01 18:36:21.839468,69,94,1424174,841769,230879,22299,39351,206367,6160,1455904,l,5
2026-02-01 18:36:22.833376,75,88,1337134,764247,66322,15773,9605,155972,3930,895940,l,5
2026-02-01 18:36:23.829260,70,76,1800367,776837,93468,20285,11197,174140,4704,1012603,l,5
2026-02-01 18:36:24.819456,68,68,919742,245448,133995,17399,10428,62627,2566,506717,l,5
2026-02-01 18:36:25.810553,60,71,956911,276715,215816,50524,15670,106569,5300,996367,l,5
2026-02-01 18:36:46.668342,41,57,955811,457575,130988,30665,26902,138321,6030,1070519,l,5
2026-02-01 18:36:47.663109,63,84,1148498,450432,116036,30862,27510,132001,6851,988585,l,5
2026-02-01 18:36:48.655659,72,83,981551,564838,113488,44246,23062,95273,4765,889508,l,5
2026-02-01 18:36:49.650691,69,78,909494,283308,53225,35946,14617,35766,2415,320024,l,5
2026-02-01 18:36:50.625620,60,77,672711,466126,74879,40493,16063,82980,2118,816784,l,5
2026-02-01 18:36:51.638218,46,77,406347,252495,43743,15576,10119,78066,1461,712820,l,5
2026-02-01 18:36:52.632826,41,80,459414,416005,112459,35216,13191,133601,5093,1262637,l,5
2026-02-01 18:36:53.623128,47,81,340620,191223,88281,26215,5863,67817,4111,664414,l,5
2026-02-01 18:36:54.613279,54,86,503191,222218,152048,40566,9312,84512,4646,781817,l,5
2026-02-01 18:36:55.608312,64,91,469682,125415,97774,22570,8919,49062,1553,342327,l,5
2026-02-01 18:37:13.488336,46,54,1321673,395472,157951,69593,41051,166957,10891,1497030,l,5
2026-02-01 18:37:14.484978,69,82,1464408,314007,165311,65497,44888,181541,13652,1851419,l,5
2026-02-01 18:37:15.476946,75,81,1101937,254868,153591,54556,24703,122737,8663,1387520,l,5
2026-02-01 18:37:16.470763,77,84,976011,228742,94309,22931,9876,118021,5840,926549,l,5
2026-02-01 18:37:17.462302,75,87,568866,488370,268401,34366,12228,111231,4179,935086,l,5
2026-02-01 18:37:18.457148,67,89,353585,427305,249367,26480,11636,95406,3305,816471,l,5
2026-02-01 18:37:19.455948,63,90,211460,415112,233534,18023,15306,116209,3402,818670,l,5
2026-02-01 18:37:20.442024,68,87,153206,138838,70525,12122,8093,63013,1580,370544,l,5
2026-02-01 18:37:21.434520,71,87,202447,208108,91261,15684,9558,74102,2248,476450,l,5
2026-02-01 18:37:22.428873,75,83,194359,214629,93454,16453,5899,52601,2004,478805,l,5
2026-02-01 18:37:41.305868,47,61,369305,344644,91419,33747,29503,70816,3356,593929,l,5
2026-02-01 18:37:42.293346,72,90,582711,507391,89406,40784,55930,104194,5661,1081910,l,5
2026-02-01 18:37:43.288443,73,87,784129,563732,96207,40652,59962,113679,5956,1187130,l,5
2026-02-01 18:37:44.279648,69,80,1075755,349515,134100,77586,84716,116883,5940,1286124,l,5
2026-02-01 18:37:45.277663,66,77,1567683,240652,127056,99818,76596,121885,4262,1341447,l,5
2026-02-01 18:37:46.270788,69,78,1574694,230615,135448,100438,79792,120967,4322,1333009,l,5
2026-02-01 18:37:47.259527,72,81,1130257,305398,59841,75916,34371,73762,2464,873845,l,5
2026-02-01 18:37:48.256642,69,84,720555,317382,51837,51862,17818,30452,1933,402019,l,5
2026-02-01 18:37:49.248402,59,84,924370,490222,83793,73874,38030,57946,6122,769502,l,5
2026-02-01 18:37:50.240820,47,82,819813,327380,76294,34901,32490,57745,5603,670283,l,5
2026-02-01 18:38:23.021978,44,52,684013,568332,46881,16498,15399,77426,2676,544501,l,5
2026-02-01 18:38:24.008603,70,78,560508,516814,112199,37806,28238,79834,10154,867570,l,5
2026-02-01 18:38:25.006686,70,75,589219,372987,101529,31491,21604,73055,10313,860951,l,5
2026-02-01 18:38:26.000611,68,75,883745,538887,241425,108663,25463,134377,16890,1332124,l,5
2026-02-01 18:38:26.994608,65,77,991364,301590,224396,98695,18134,98009,9611,931249,l,5
2026-02-01 18:38:27.983454,61,82,1178533,275214,223309,98252,17688,104172,9778,938666,l,5
2026-02-01 18:38:28.954871,61,90,890797,113610,85222,25032,12717,40369,3443,479189,l,5
2026-02-01 18:38:29.972257,60,94,635920,68640,42142,17160,7001,34935,2844,350815,l,5
2026-02-01 18:38:30.964953,65,97,643393,53294,30613,13639,7899,37191,3807,353798,l,5
2026-02-01 18:38:31.960706,74,94,700820,112652,36052,11697,11657,37893,3339,342502,l,5
2026-02-01 18:38:51.822427,52,54,372404,37827,38654,10935,8152,19799,945,235063,l,5
2026-02-01 18:38:52.815624,74,86,435191,237239,28018,24981,25344,62158,2932,715290,l,5
2026-02-01 18:38:53.813156,69,87,1531341,490608,73975,77520,45323,82645,5596,1249433,l,5
2026-02-01 18:38:54.805960,65,84,1985825,505330,95566,71842,47768,81440,6086,1246395,l,5
2026-02-01 18:38:55.804977,59,80,1961282,308090,101181,56913,32812,32801,4085,732902,l,5
2026-02-01 18:38:56.794201,49,77,1476851,86389,72380,9406,21352,17788,2034,299683,l,5
2026-02-01 18:38:57.759841,40,81,738819,70877,34968,10148,14278,14971,1312,197658,l,5
2026-02-01 18:38:58.754811,37,84,729710,86023,34558,11150,12521,16545,1246,197421,l,5
2026-02-01 18:38:59.768575,38,86,331706,183049,27337,10827,8544,8843,1109,176977,l,5
2026-02-01 18:39:00.761026,36,81,1140199,294209,50096,34973,43334,36010,5969,619358,l,5
2026-02-01 18:39:20.627396,36,53,1249215,105553,89996,22503,15383,47328,2256,437551,l,5
2026-02-01 18:39:21.622335,61,83,712707,112442,38815,18484,8181,30233,1861,296587,l,5
2026-02-01 18:39:22.614787,73,84,513202,83716,34339,15474,6107,16208,1515,198728,l,5
2026-02-01 18:39:23.608634,60,82,646441,293404,161825,42340,8197,58731,3178,599724,l,5
2026-02-01 18:39:24.601402,49,80,1017208,415373,225470,56490,21147,130795,6113,1072298,l,5
2026-02-01 18:39:25.595637,42,80,937303,411613,218631,53482,20227,130283,6237,1070273,l,5
2026-02-01 18:39:26.587272,43,79,515354,188426,78533,36114,17465,81869,3818,668164,l,5
2026-02-01 18:39:27.577555,49,78,408760,87391,49396,24705,6730,15737,1689,298921,l,5
2026-02-01 18:39:28.578439,51,78,987117,179736,308988,46267,22710,41763,5017,822269,l,5
2026-02-01 18:39:29.567397,46,84,1181710,502255,393513,50190,39633,78280,6458,1235321,l,5
